"","Distribution","Days","Density"
"1","Generation time",-50,0
"2","Generation time",-49.9,0
"3","Generation time",-49.8,0
"4","Generation time",-49.7,0
"5","Generation time",-49.6,0
"6","Generation time",-49.5,0
"7","Generation time",-49.4,0
"8","Generation time",-49.3,0
"9","Generation time",-49.2,0
"10","Generation time",-49.1,0
"11","Generation time",-49,0
"12","Generation time",-48.9,0
"13","Generation time",-48.8,0
"14","Generation time",-48.7,0
"15","Generation time",-48.6,0
"16","Generation time",-48.5,0
"17","Generation time",-48.4,0
"18","Generation time",-48.3,0
"19","Generation time",-48.2,0
"20","Generation time",-48.1,0
"21","Generation time",-48,0
"22","Generation time",-47.9,0
"23","Generation time",-47.8,0
"24","Generation time",-47.7,0
"25","Generation time",-47.6,0
"26","Generation time",-47.5,0
"27","Generation time",-47.4,0
"28","Generation time",-47.3,0
"29","Generation time",-47.2,0
"30","Generation time",-47.1,0
"31","Generation time",-47,0
"32","Generation time",-46.9,0
"33","Generation time",-46.8,0
"34","Generation time",-46.7,0
"35","Generation time",-46.6,0
"36","Generation time",-46.5,0
"37","Generation time",-46.4,0
"38","Generation time",-46.3,0
"39","Generation time",-46.2,0
"40","Generation time",-46.1,0
"41","Generation time",-46,0
"42","Generation time",-45.9,0
"43","Generation time",-45.8,0
"44","Generation time",-45.7,0
"45","Generation time",-45.6,0
"46","Generation time",-45.5,0
"47","Generation time",-45.4,0
"48","Generation time",-45.3,0
"49","Generation time",-45.2,0
"50","Generation time",-45.1,0
"51","Generation time",-45,0
"52","Generation time",-44.9,0
"53","Generation time",-44.8,0
"54","Generation time",-44.7,0
"55","Generation time",-44.6,0
"56","Generation time",-44.5,0
"57","Generation time",-44.4,0
"58","Generation time",-44.3,0
"59","Generation time",-44.2,0
"60","Generation time",-44.1,0
"61","Generation time",-44,0
"62","Generation time",-43.9,0
"63","Generation time",-43.8,0
"64","Generation time",-43.7,0
"65","Generation time",-43.6,0
"66","Generation time",-43.5,0
"67","Generation time",-43.4,0
"68","Generation time",-43.3,0
"69","Generation time",-43.2,0
"70","Generation time",-43.1,0
"71","Generation time",-43,0
"72","Generation time",-42.9,0
"73","Generation time",-42.8,0
"74","Generation time",-42.7,0
"75","Generation time",-42.6,0
"76","Generation time",-42.5,0
"77","Generation time",-42.4,0
"78","Generation time",-42.3,0
"79","Generation time",-42.2,0
"80","Generation time",-42.1,0
"81","Generation time",-42,0
"82","Generation time",-41.9,0
"83","Generation time",-41.8,0
"84","Generation time",-41.7,0
"85","Generation time",-41.6,0
"86","Generation time",-41.5,0
"87","Generation time",-41.4,0
"88","Generation time",-41.3,0
"89","Generation time",-41.2,0
"90","Generation time",-41.1,0
"91","Generation time",-41,0
"92","Generation time",-40.9,0
"93","Generation time",-40.8,0
"94","Generation time",-40.7,0
"95","Generation time",-40.6,0
"96","Generation time",-40.5,0
"97","Generation time",-40.4,0
"98","Generation time",-40.3,0
"99","Generation time",-40.2,0
"100","Generation time",-40.1,0
"101","Generation time",-40,0
"102","Generation time",-39.9,0
"103","Generation time",-39.8,0
"104","Generation time",-39.7,0
"105","Generation time",-39.6,0
"106","Generation time",-39.5,0
"107","Generation time",-39.4,0
"108","Generation time",-39.3,0
"109","Generation time",-39.2,0
"110","Generation time",-39.1,0
"111","Generation time",-39,0
"112","Generation time",-38.9,0
"113","Generation time",-38.8,0
"114","Generation time",-38.7,0
"115","Generation time",-38.6,0
"116","Generation time",-38.5,0
"117","Generation time",-38.4,0
"118","Generation time",-38.3,0
"119","Generation time",-38.2,0
"120","Generation time",-38.1,0
"121","Generation time",-38,0
"122","Generation time",-37.9,0
"123","Generation time",-37.8,0
"124","Generation time",-37.7,0
"125","Generation time",-37.6,0
"126","Generation time",-37.5,0
"127","Generation time",-37.4,0
"128","Generation time",-37.3,0
"129","Generation time",-37.2,0
"130","Generation time",-37.1,0
"131","Generation time",-37,0
"132","Generation time",-36.9,0
"133","Generation time",-36.8,0
"134","Generation time",-36.7,0
"135","Generation time",-36.6,0
"136","Generation time",-36.5,0
"137","Generation time",-36.4,0
"138","Generation time",-36.3,0
"139","Generation time",-36.2,0
"140","Generation time",-36.1,0
"141","Generation time",-36,0
"142","Generation time",-35.9,0
"143","Generation time",-35.8,0
"144","Generation time",-35.7,0
"145","Generation time",-35.6,0
"146","Generation time",-35.5,0
"147","Generation time",-35.4,0
"148","Generation time",-35.3,0
"149","Generation time",-35.2,0
"150","Generation time",-35.1,0
"151","Generation time",-35,0
"152","Generation time",-34.9,0
"153","Generation time",-34.8,0
"154","Generation time",-34.7,0
"155","Generation time",-34.6,0
"156","Generation time",-34.5,0
"157","Generation time",-34.4,0
"158","Generation time",-34.3,0
"159","Generation time",-34.2,0
"160","Generation time",-34.1,0
"161","Generation time",-34,0
"162","Generation time",-33.9,0
"163","Generation time",-33.8,0
"164","Generation time",-33.7,0
"165","Generation time",-33.6,0
"166","Generation time",-33.5,0
"167","Generation time",-33.4,0
"168","Generation time",-33.3,0
"169","Generation time",-33.2,0
"170","Generation time",-33.1,0
"171","Generation time",-33,0
"172","Generation time",-32.9,0
"173","Generation time",-32.8,0
"174","Generation time",-32.7,0
"175","Generation time",-32.6,0
"176","Generation time",-32.5,0
"177","Generation time",-32.4,0
"178","Generation time",-32.3,0
"179","Generation time",-32.2,0
"180","Generation time",-32.1,0
"181","Generation time",-32,0
"182","Generation time",-31.9,0
"183","Generation time",-31.8,0
"184","Generation time",-31.7,0
"185","Generation time",-31.6,0
"186","Generation time",-31.5,0
"187","Generation time",-31.4,0
"188","Generation time",-31.3,0
"189","Generation time",-31.2,0
"190","Generation time",-31.1,0
"191","Generation time",-31,0
"192","Generation time",-30.9,0
"193","Generation time",-30.8,0
"194","Generation time",-30.7,0
"195","Generation time",-30.6,0
"196","Generation time",-30.5,0
"197","Generation time",-30.4,0
"198","Generation time",-30.3,0
"199","Generation time",-30.2,0
"200","Generation time",-30.1,0
"201","Generation time",-30,0
"202","Generation time",-29.9,0
"203","Generation time",-29.8,0
"204","Generation time",-29.7,0
"205","Generation time",-29.6,0
"206","Generation time",-29.5,0
"207","Generation time",-29.4,0
"208","Generation time",-29.3,0
"209","Generation time",-29.2,0
"210","Generation time",-29.1,0
"211","Generation time",-29,0
"212","Generation time",-28.9,0
"213","Generation time",-28.8,0
"214","Generation time",-28.7,0
"215","Generation time",-28.6,0
"216","Generation time",-28.5,0
"217","Generation time",-28.4,0
"218","Generation time",-28.3,0
"219","Generation time",-28.2,0
"220","Generation time",-28.1,0
"221","Generation time",-28,0
"222","Generation time",-27.9,0
"223","Generation time",-27.8,0
"224","Generation time",-27.7,0
"225","Generation time",-27.6,0
"226","Generation time",-27.5,0
"227","Generation time",-27.4,0
"228","Generation time",-27.3,0
"229","Generation time",-27.2,0
"230","Generation time",-27.1,0
"231","Generation time",-27,0
"232","Generation time",-26.9,0
"233","Generation time",-26.8,0
"234","Generation time",-26.7,0
"235","Generation time",-26.6,0
"236","Generation time",-26.5,0
"237","Generation time",-26.4,0
"238","Generation time",-26.3,0
"239","Generation time",-26.2,0
"240","Generation time",-26.1,0
"241","Generation time",-26,0
"242","Generation time",-25.9,0
"243","Generation time",-25.8,0
"244","Generation time",-25.7,0
"245","Generation time",-25.6,0
"246","Generation time",-25.5,0
"247","Generation time",-25.4,0
"248","Generation time",-25.3,0
"249","Generation time",-25.2,0
"250","Generation time",-25.1,0
"251","Generation time",-25,0
"252","Generation time",-24.9,0
"253","Generation time",-24.8,0
"254","Generation time",-24.7,0
"255","Generation time",-24.6,0
"256","Generation time",-24.5,0
"257","Generation time",-24.4,0
"258","Generation time",-24.3,0
"259","Generation time",-24.2,0
"260","Generation time",-24.1,0
"261","Generation time",-24,0
"262","Generation time",-23.9,0
"263","Generation time",-23.8,0
"264","Generation time",-23.7,0
"265","Generation time",-23.6,0
"266","Generation time",-23.5,0
"267","Generation time",-23.4,0
"268","Generation time",-23.3,0
"269","Generation time",-23.2,0
"270","Generation time",-23.1,0
"271","Generation time",-23,0
"272","Generation time",-22.9,0
"273","Generation time",-22.8,0
"274","Generation time",-22.7,0
"275","Generation time",-22.6,0
"276","Generation time",-22.5,0
"277","Generation time",-22.4,0
"278","Generation time",-22.3,0
"279","Generation time",-22.2,0
"280","Generation time",-22.1,0
"281","Generation time",-22,0
"282","Generation time",-21.9,0
"283","Generation time",-21.8,0
"284","Generation time",-21.7,0
"285","Generation time",-21.6,0
"286","Generation time",-21.5,0
"287","Generation time",-21.4,0
"288","Generation time",-21.3,0
"289","Generation time",-21.2,0
"290","Generation time",-21.1,0
"291","Generation time",-21,0
"292","Generation time",-20.9,0
"293","Generation time",-20.8,0
"294","Generation time",-20.7,0
"295","Generation time",-20.6,0
"296","Generation time",-20.5,0
"297","Generation time",-20.4,0
"298","Generation time",-20.3,0
"299","Generation time",-20.2,0
"300","Generation time",-20.1,0
"301","Generation time",-20,0
"302","Generation time",-19.9,0
"303","Generation time",-19.8,0
"304","Generation time",-19.7,0
"305","Generation time",-19.6,0
"306","Generation time",-19.5,0
"307","Generation time",-19.4,0
"308","Generation time",-19.3,0
"309","Generation time",-19.2,0
"310","Generation time",-19.1,0
"311","Generation time",-19,0
"312","Generation time",-18.9,0
"313","Generation time",-18.8,0
"314","Generation time",-18.7,0
"315","Generation time",-18.6,0
"316","Generation time",-18.5,0
"317","Generation time",-18.4,0
"318","Generation time",-18.3,0
"319","Generation time",-18.2,0
"320","Generation time",-18.1,0
"321","Generation time",-18,0
"322","Generation time",-17.9,0
"323","Generation time",-17.8,0
"324","Generation time",-17.7,0
"325","Generation time",-17.6,0
"326","Generation time",-17.5,0
"327","Generation time",-17.4,0
"328","Generation time",-17.3,0
"329","Generation time",-17.2,0
"330","Generation time",-17.1,0
"331","Generation time",-17,0
"332","Generation time",-16.9,0
"333","Generation time",-16.8,0
"334","Generation time",-16.7,0
"335","Generation time",-16.6,0
"336","Generation time",-16.5,0
"337","Generation time",-16.4,0
"338","Generation time",-16.3,0
"339","Generation time",-16.2,0
"340","Generation time",-16.1,0
"341","Generation time",-16,0
"342","Generation time",-15.9,0
"343","Generation time",-15.8,0
"344","Generation time",-15.7,0
"345","Generation time",-15.6,0
"346","Generation time",-15.5,0
"347","Generation time",-15.4,0
"348","Generation time",-15.3,0
"349","Generation time",-15.2,0
"350","Generation time",-15.1,0
"351","Generation time",-15,0
"352","Generation time",-14.9,0
"353","Generation time",-14.8,0
"354","Generation time",-14.7,0
"355","Generation time",-14.6,0
"356","Generation time",-14.5,0
"357","Generation time",-14.4,0
"358","Generation time",-14.3,0
"359","Generation time",-14.2,0
"360","Generation time",-14.1,0
"361","Generation time",-14,0
"362","Generation time",-13.9,0
"363","Generation time",-13.8,0
"364","Generation time",-13.7,0
"365","Generation time",-13.6,0
"366","Generation time",-13.5,0
"367","Generation time",-13.4,0
"368","Generation time",-13.3,0
"369","Generation time",-13.2,0
"370","Generation time",-13.1,0
"371","Generation time",-13,0
"372","Generation time",-12.9,0
"373","Generation time",-12.8,0
"374","Generation time",-12.7,0
"375","Generation time",-12.6,0
"376","Generation time",-12.5,0
"377","Generation time",-12.4,0
"378","Generation time",-12.3,0
"379","Generation time",-12.2,0
"380","Generation time",-12.1,0
"381","Generation time",-12,0
"382","Generation time",-11.9,0
"383","Generation time",-11.8,0
"384","Generation time",-11.7,0
"385","Generation time",-11.6,0
"386","Generation time",-11.5,0
"387","Generation time",-11.4,0
"388","Generation time",-11.3,0
"389","Generation time",-11.2,0
"390","Generation time",-11.1,0
"391","Generation time",-11,0
"392","Generation time",-10.9,0
"393","Generation time",-10.8,0
"394","Generation time",-10.7,0
"395","Generation time",-10.6,0
"396","Generation time",-10.5,0
"397","Generation time",-10.4,0
"398","Generation time",-10.3,0
"399","Generation time",-10.2,0
"400","Generation time",-10.1,0
"401","Generation time",-10,0
"402","Generation time",-9.9,0
"403","Generation time",-9.8,0
"404","Generation time",-9.7,0
"405","Generation time",-9.6,0
"406","Generation time",-9.5,0
"407","Generation time",-9.4,0
"408","Generation time",-9.3,0
"409","Generation time",-9.2,0
"410","Generation time",-9.1,0
"411","Generation time",-9,0
"412","Generation time",-8.9,0
"413","Generation time",-8.8,0
"414","Generation time",-8.7,0
"415","Generation time",-8.6,0
"416","Generation time",-8.5,0
"417","Generation time",-8.4,0
"418","Generation time",-8.3,0
"419","Generation time",-8.2,0
"420","Generation time",-8.1,0
"421","Generation time",-8,0
"422","Generation time",-7.9,0
"423","Generation time",-7.8,0
"424","Generation time",-7.7,0
"425","Generation time",-7.6,0
"426","Generation time",-7.5,0
"427","Generation time",-7.4,0
"428","Generation time",-7.3,0
"429","Generation time",-7.2,0
"430","Generation time",-7.1,0
"431","Generation time",-7,0
"432","Generation time",-6.9,0
"433","Generation time",-6.8,0
"434","Generation time",-6.7,0
"435","Generation time",-6.6,0
"436","Generation time",-6.5,0
"437","Generation time",-6.4,0
"438","Generation time",-6.3,0
"439","Generation time",-6.2,0
"440","Generation time",-6.1,0
"441","Generation time",-6,0
"442","Generation time",-5.9,0
"443","Generation time",-5.8,0
"444","Generation time",-5.7,0
"445","Generation time",-5.6,0
"446","Generation time",-5.5,0
"447","Generation time",-5.4,0
"448","Generation time",-5.3,0
"449","Generation time",-5.2,0
"450","Generation time",-5.1,0
"451","Generation time",-5,0
"452","Generation time",-4.9,0
"453","Generation time",-4.8,0
"454","Generation time",-4.7,0
"455","Generation time",-4.6,0
"456","Generation time",-4.5,0
"457","Generation time",-4.4,0
"458","Generation time",-4.3,0
"459","Generation time",-4.2,0
"460","Generation time",-4.1,0
"461","Generation time",-4,0
"462","Generation time",-3.9,0
"463","Generation time",-3.8,0
"464","Generation time",-3.7,0
"465","Generation time",-3.6,0
"466","Generation time",-3.5,0
"467","Generation time",-3.4,0
"468","Generation time",-3.3,0
"469","Generation time",-3.2,0
"470","Generation time",-3.1,0
"471","Generation time",-3,0
"472","Generation time",-2.9,0
"473","Generation time",-2.8,0
"474","Generation time",-2.7,0
"475","Generation time",-2.6,0
"476","Generation time",-2.5,0
"477","Generation time",-2.4,0
"478","Generation time",-2.3,0
"479","Generation time",-2.2,0
"480","Generation time",-2.1,0
"481","Generation time",-2,0
"482","Generation time",-1.9,0
"483","Generation time",-1.8,0
"484","Generation time",-1.7,0
"485","Generation time",-1.6,0
"486","Generation time",-1.5,0
"487","Generation time",-1.4,0
"488","Generation time",-1.3,0
"489","Generation time",-1.2,0
"490","Generation time",-1.1,0
"491","Generation time",-1,0
"492","Generation time",-0.9,0
"493","Generation time",-0.8,0
"494","Generation time",-0.7,0
"495","Generation time",-0.6,0
"496","Generation time",-0.5,0
"497","Generation time",-0.4,0
"498","Generation time",-0.3,0
"499","Generation time",-0.2,0
"500","Generation time",-0.1,0
"501","Generation time",0,0
"502","Generation time",0.1,0.00536218962634913
"503","Generation time",0.2,0.0137793424860518
"504","Generation time",0.3,0.0262028422611231
"505","Generation time",0.4,0.0425085217832143
"506","Generation time",0.5,0.0621931491544026
"507","Generation time",0.6,0.0844887898787286
"508","Generation time",0.7,0.108469369178924
"509","Generation time",0.8,0.133153359647961
"510","Generation time",0.9,0.157592488937319
"511","Generation time",1,0.180940186892394
"512","Generation time",1.1,0.202495147063844
"513","Generation time",1.2,0.221727589664307
"514","Generation time",1.3,0.238278243053616
"515","Generation time",1.4,0.251950749746443
"516","Generation time",1.5,0.262689979390053
"517","Generation time",1.6,0.270556989050887
"518","Generation time",1.7,0.27570279024107
"519","Generation time",1.8,0.278341628033407
"520","Generation time",1.9,0.278728467641311
"521","Generation time",2,0.277139722335275
"522","Generation time",2.1,0.273857017831444
"523","Generation time",2.2,0.269151693214998
"524","Generation time",2.3,0.26328602445155
"525","Generation time",2.4,0.256497453507808
"526","Generation time",2.5,0.249000016540693
"527","Generation time",2.6,0.240981083085515
"528","Generation time",2.7,0.232605076852262
"529","Generation time",2.8,0.224009914112773
"530","Generation time",2.9,0.215312679161537
"531","Generation time",3,0.206608768186707
"532","Generation time",3.1,0.197975496483718
"533","Generation time",3.2,0.189475025269548
"534","Generation time",3.3,0.181147948827089
"535","Generation time",3.4,0.173051093016153
"536","Generation time",3.5,0.165191304143118
"537","Generation time",3.6,0.15759352487173
"538","Generation time",3.7,0.150270014313342
"539","Generation time",3.8,0.143227398073361
"540","Generation time",3.9,0.136468177347309
"541","Generation time",4,0.129991443957153
"542","Generation time",4.1,0.123793875680152
"543","Generation time",4.2,0.117870063403416
"544","Generation time",4.3,0.112212923242677
"545","Generation time",4.4,0.106814687194882
"546","Generation time",4.5,0.101666558217716
"547","Generation time",4.6,0.0967595777985897
"548","Generation time",4.7,0.092084394986676
"549","Generation time",4.8,0.0876315384387347
"550","Generation time",4.9,0.0833915491684023
"551","Generation time",5,0.0793551762239508
"552","Generation time",5.1,0.0755133186151556
"553","Generation time",5.2,0.0718570398148669
"554","Generation time",5.3,0.0683777837224923
"555","Generation time",5.4,0.0650672314785718
"556","Generation time",5.5,0.0619174251796022
"557","Generation time",5.6,0.0589206951555068
"558","Generation time",5.7,0.0560696989120765
"559","Generation time",5.8,0.053357425389893
"560","Generation time",5.9,0.0507771416180869
"561","Generation time",6,0.0483224430399588
"562","Generation time",6.1,0.0459872313543685
"563","Generation time",6.2,0.0437656723472113
"564","Generation time",6.3,0.0416522253555047
"565","Generation time",6.4,0.0396416220700885
"566","Generation time",6.5,0.0377288042345465
"567","Generation time",6.6,0.0359090101014373
"568","Generation time",6.7,0.0341776843460055
"569","Generation time",6.8,0.0325305044848359
"570","Generation time",6.9,0.0309633443020772
"571","Generation time",7,0.0294722903771829
"572","Generation time",7.1,0.0280536272649317
"573","Generation time",7.2,0.0267038076754433
"574","Generation time",7.3,0.0254194678453264
"575","Generation time",7.4,0.0241974036565072
"576","Generation time",7.5,0.0230345745118125
"577","Generation time",7.6,0.0219280850640887
"578","Generation time",7.7,0.0208751844741899
"579","Generation time",7.8,0.0198732569883026
"580","Generation time",7.9,0.0189198139797426
"581","Generation time",8,0.0180124908254648
"582","Generation time",8.1,0.0171490383767271
"583","Generation time",8.2,0.016327318293703
"584","Generation time",8.3,0.0155452969433919
"585","Generation time",8.4,0.0148010412865254
"586","Generation time",8.5,0.0140927118831399
"587","Generation time",8.6,0.0134185608306889
"588","Generation time",8.7,0.0127769252832488
"589","Generation time",8.8,0.0121662242753018
"590","Generation time",8.9,0.011584954179743
"591","Generation time",9,0.011031685010989
"592","Generation time",9.1,0.0105050569692148
"593","Generation time",9.2,0.0100037766308249
"594","Generation time",9.3,0.00952661405276801
"595","Generation time",9.4,0.00907239928962729
"596","Generation time",9.5,0.00864001977239231
"597","Generation time",9.6,0.00822841720474186
"598","Generation time",9.7,0.00783658506252804
"599","Generation time",9.8,0.00746356598002941
"600","Generation time",9.9,0.00710844922977293
"601","Generation time",10,0.00677036854117977
"602","Generation time",10.1,0.00644850003677305
"603","Generation time",10.2,0.00614205990176049
"604","Generation time",10.3,0.00585030252286094
"605","Generation time",10.4,0.00557251865518118
"606","Generation time",10.5,0.00530803352828137
"607","Generation time",10.6,0.00505620531053488
"608","Generation time",10.7,0.00481642332806484
"609","Generation time",10.8,0.00458810661944071
"610","Generation time",10.9,0.00437070252339079
"611","Generation time",11,0.00416368514564697
"612","Generation time",11.1,0.00396655422998157
"613","Generation time",11.2,0.00377883375996272
"614","Generation time",11.3,0.00360007083605557
"615","Generation time",11.4,0.00342983454840755
"616","Generation time",11.5,0.0032677148289057
"617","Generation time",11.6,0.00311332155921605
"618","Generation time",11.7,0.00296628347784516
"619","Generation time",11.8,0.00282624731458518
"620","Generation time",11.9,0.00269287689132927
"621","Generation time",12,0.00256585233022834
"622","Generation time",12.1,0.00244486922014497
"623","Generation time",12.2,0.00232963786757753
"624","Generation time",12.3,0.00221988255047351
"625","Generation time",12.4,0.00211534091891856
"626","Generation time",12.5,0.00201576326570131
"627","Generation time",12.6,0.00192091193809446
"628","Generation time",12.7,0.00183056079094787
"629","Generation time",12.8,0.00174449456496308
"630","Generation time",12.9,0.00166250838883799
"631","Generation time",13,0.00158440726950071
"632","Generation time",13.1,0.0015100055946319
"633","Generation time",13.2,0.00143912669840686
"634","Generation time",13.3,0.0013716024000756
"635","Generation time",13.4,0.00130727264928672
"636","Generation time",13.5,0.00124598507094502
"637","Generation time",13.6,0.00118759461686946
"638","Generation time",13.7,0.00113196323712322
"639","Generation time",13.8,0.00107895949688889
"640","Generation time",13.9,0.00102845826639752
"641","Generation time",14,0.000980340425270018
"642","Generation time",14.1,0.000934492556151006
"643","Generation time",14.2,0.000890806687411668
"644","Generation time",14.3,0.000849180027481974
"645","Generation time",14.4,0.000809514708649983
"646","Generation time",14.5,0.000771717554847447
"647","Generation time",14.6,0.000735699855526992
"648","Generation time",14.7,0.000701377144783208
"649","Generation time",14.8,0.000668669001539873
"650","Generation time",14.9,0.0006374988547165
"651","Generation time",15,0.000607793794099133
"652","Generation time",15.1,0.000579484393809125
"653","Generation time",15.2,0.000552504548100733
"654","Generation time",15.3,0.000526791302847916
"655","Generation time",15.4,0.00050228471073805
"656","Generation time",15.5,0.000478927693603787
"657","Generation time",15.6,0.000456665882153433
"658","Generation time",15.7,0.000435447494211408
"659","Generation time",15.8,0.000415223216874275
"660","Generation time",15.9,0.000395946087351238
"661","Generation time",16,0.000377571381422374
"662","Generation time",16.1,0.000360056504416968
"663","Generation time",16.2,0.00034336088966146
"664","Generation time",16.3,0.000327445900424924
"665","Generation time",16.4,0.000312274737274589
"666","Generation time",16.5,0.000297812349642342
"667","Generation time",16.6,0.000284025352600175
"668","Generation time",16.7,0.000270881946165244
"669","Generation time",16.8,0.000258351839779044
"670","Generation time",16.9,0.000246406180255803
"671","Generation time",17,0.000235017482754478
"672","Generation time",17.1,0.000224159565584614
"673","Generation time",17.2,0.000213807487563676
"674","Generation time",17.3,0.000203937488723053
"675","Generation time",17.4,0.000194526935593611
"676","Generation time",17.5,0.000185554263963556
"677","Generation time",17.6,0.000176998931204381
"678","Generation time",17.7,0.000168841366002699
"679","Generation time",17.8,0.00016106292231649
"680","Generation time",17.9,0.000153645835132202
"681","Generation time",18,0.000146573178861988
"682","Generation time",18.1,0.000139828827029544
"683","Generation time",18.2,0.00013339741429706
"684","Generation time",18.3,0.000127264291779272
"685","Generation time",18.4,0.000121415500699286
"686","Generation time",18.5,0.000115837753388811
"687","Generation time",18.6,0.000110518390342124
"688","Generation time",18.7,0.000105445348354259
"689","Generation time",18.8,0.000100607129730585
"690","Generation time",18.9,9.59927774777784e-05
"691","Generation time",19,9.15918487736168e-05
"692","Generation time",19.1,8.73943914216212e-05
"693","Generation time",19.2,8.33909205997261e-05
"694","Generation time",19.3,7.95723968771189e-05
"695","Generation time",19.4,7.59302055592395e-05
"696","Generation time",19.5,7.24561361713743e-05
"697","Generation time",19.6,6.91423638064111e-05
"698","Generation time",19.7,6.59814306757035e-05
"699","Generation time",19.8,6.29662288559416e-05
"700","Generation time",19.9,6.0089983669134e-05
"701","Generation time",20,5.73462380095853e-05
"702","Generation time",20.1,5.47288373341952e-05
"703","Generation time",20.2,5.22319153235548e-05
"704","Generation time",20.3,4.98498802672013e-05
"705","Generation time",20.4,4.75774021604367e-05
"706","Generation time",20.5,4.54094003298069e-05
"707","Generation time",20.6,4.3341031584447e-05
"708","Generation time",20.7,4.13676791883974e-05
"709","Generation time",20.8,3.94849420190274e-05
"710","Generation time",20.9,3.76886245315819e-05
"711","Generation time",21,3.59747270039285e-05
"712","Generation time",21.1,3.43394363960067e-05
"713","Generation time",21.2,3.27791174716692e-05
"714","Generation time",21.3,3.12903045204506e-05
"715","Generation time",21.4,2.98696935856663e-05
"716","Generation time",21.5,2.8514138018654e-05
"717","Generation time",21.6,2.72206354375728e-05
"718","Generation time",21.7,2.59863204537176e-05
"719","Generation time",21.8,2.48084607464857e-05
"720","Generation time",21.9,2.36844514115991e-05
"721","Generation time",22,2.26118091042254e-05
"722","Generation time",22.1,2.15881687160952e-05
"723","Generation time",22.2,2.06112801673842e-05
"724","Generation time",22.3,1.96789900505786e-05
"725","Generation time",22.4,1.87892425115713e-05
"726","Generation time",22.5,1.79400773279686e-05
"727","Generation time",22.6,1.712962601932e-05
"728","Generation time",22.7,1.63561075377412e-05
"729","Generation time",22.8,1.56178239905722e-05
"730","Generation time",22.9,1.49131566151349e-05
"731","Generation time",23,1.42405619346475e-05
"732","Generation time",23.1,1.35985680173942e-05
"733","Generation time",23.2,1.2985771183086e-05
"734","Generation time",23.3,1.24008326947152e-05
"735","Generation time",23.4,1.1842475720213e-05
"736","Generation time",23.5,1.13094823997475e-05
"737","Generation time",23.6,1.08006911203218e-05
"738","Generation time",23.7,1.03149938942371e-05
"739","Generation time",23.8,9.85133384317158e-06
"740","Generation time",23.9,9.40870284074796e-06
"741","Generation time",24,8.98613923350576e-06
"742","Generation time",24.1,8.58272570246928e-06
"743","Generation time",24.2,8.19758718114515e-06
"744","Generation time",24.3,7.8298889233287e-06
"745","Generation time",24.4,7.47883459741294e-06
"746","Generation time",24.5,7.1436645367309e-06
"747","Generation time",24.6,6.82365402056251e-06
"748","Generation time",24.7,6.51811166351838e-06
"749","Generation time",24.8,6.22637787042705e-06
"750","Generation time",24.9,5.94782335454223e-06
"751","Generation time",25,5.68184775257554e-06
"752","Generation time",25.1,5.4278782620848e-06
"753","Generation time",25.2,5.18536838527588e-06
"754","Generation time",25.3,4.95379670375779e-06
"755","Generation time",25.4,4.73266571828567e-06
"756","Generation time",25.5,4.52150074472563e-06
"757","Generation time",25.6,4.31984885702333e-06
"758","Generation time",25.7,4.12727788456529e-06
"759","Generation time",25.8,3.9433754520057e-06
"760","Generation time",25.9,3.76774806576365e-06
"761","Generation time",26,3.60002024136351e-06
"762","Generation time",26.1,3.43983367407179e-06
"763","Generation time",26.2,3.2868464490167e-06
"764","Generation time",26.3,3.14073225923255e-06
"765","Generation time",26.4,3.00117975940242e-06
"766","Generation time",26.5,2.8678917791532e-06
"767","Generation time",26.6,2.74058473400229e-06
"768","Generation time",26.7,2.61898797775006e-06
"769","Generation time",26.8,2.50284322787758e-06
"770","Generation time",26.9,2.39190396838058e-06
"771","Generation time",27,2.28593492632879e-06
"772","Generation time",27.1,2.18471155075101e-06
"773","Generation time",27.2,2.08801951879709e-06
"774","Generation time",27.3,1.99565426857225e-06
"775","Generation time",27.4,1.90742054918153e-06
"776","Generation time",27.5,1.82313199449671e-06
"777","Generation time",27.6,1.74261071414472e-06
"778","Generation time",27.7,1.66568690565663e-06
"779","Generation time",27.8,1.59219848520523e-06
"780","Generation time",27.9,1.52199073088779e-06
"781","Generation time",28,1.45491594817345e-06
"782","Generation time",28.1,1.39083314649362e-06
"783","Generation time",28.2,1.32960773342365e-06
"784","Generation time",28.3,1.27111122070439e-06
"785","Generation time",28.4,1.21522094877189e-06
"786","Generation time",28.5,1.16181981345123e-06
"787","Generation time",28.6,1.11079601872748e-06
"788","Generation time",28.7,1.06204283115189e-06
"789","Generation time",28.8,1.01545834870209e-06
"790","Generation time",28.9,9.70945282528089e-07
"791","Generation time",29,9.28410742075842e-07
"792","Generation time",29.1,8.87766038893679e-07
"793","Generation time",29.2,8.48926492961213e-07
"794","Generation time",29.3,8.11811249985231e-07
"795","Generation time",29.4,7.7634310819015e-07
"796","Generation time",29.5,7.42448350418896e-07
"797","Generation time",29.6,7.10056586913267e-07
"798","Generation time",29.7,6.79100603249972e-07
"799","Generation time",29.8,6.49516216021369e-07
"800","Generation time",29.9,6.21242135041286e-07
"801","Generation time",30,5.94219831845928e-07
"802","Generation time",30.1,5.68393414225952e-07
"803","Generation time",30.2,5.43709506499838e-07
"804","Generation time",30.3,5.2011713527594e-07
"805","Generation time",30.4,4.97567620419989e-07
"806","Generation time",30.5,4.76014471113357e-07
"807","Generation time",30.6,4.55413286418077e-07
"808","Generation time",30.7,4.3572166070864e-07
"809","Generation time",30.8,4.16899093195356e-07
"810","Generation time",30.9,3.98906901637241e-07
"811","Generation time",31,3.81708140108965e-07
"812","Generation time",31.1,3.6526752024211e-07
"813","Generation time",31.2,3.49551336398601e-07
"814","Generation time",31.3,3.34527394070674e-07
"815","Generation time",31.4,3.20164941504887e-07
"816","Generation time",31.5,3.06434604543775e-07
"817","Generation time",31.6,2.93308324432393e-07
"818","Generation time",31.7,2.80759298390231e-07
"819","Generation time",31.8,2.68761922935379e-07
"820","Generation time",31.9,2.57291739776128e-07
"821","Generation time",32,2.46325384151798e-07
"822","Generation time",32.1,2.35840535587176e-07
"823","Generation time",32.2,2.25815870730623e-07
"824","Generation time",32.3,2.16231018540429e-07
"825","Generation time",32.4,2.07066517346477e-07
"826","Generation time",32.5,1.98303773932392e-07
"827","Generation time",32.6,1.89925024457547e-07
"828","Generation time",32.7,1.81913297155595e-07
"829","Generation time",32.8,1.74252376721332e-07
"830","Generation time",32.9,1.66926770312619e-07
"831","Generation time",33,1.59921675096361e-07
"832","Generation time",33.1,1.53222947259799e-07
"833","Generation time",33.2,1.46817072400589e-07
"834","Generation time",33.3,1.40691137403078e-07
"835","Generation time",33.4,1.34832803238089e-07
"836","Generation time",33.5,1.29230279426889e-07
"837","Generation time",33.6,1.23872299423889e-07
"838","Generation time",33.7,1.18748097014976e-07
"839","Generation time",33.8,1.1384738405013e-07
"840","Generation time",33.9,1.09160328975873e-07
"841","Generation time",34,1.04677536410667e-07
"842","Generation time",34.1,1.00390027634543e-07
"843","Generation time",34.2,9.62892219558616e-08
"844","Generation time",34.3,9.23669189248145e-08
"845","Generation time",34.4,8.86152813297085e-08
"846","Generation time",34.5,8.50268189831778e-08
"847","Generation time",34.6,8.15943732257098e-08
"848","Generation time",34.7,7.8311102124703e-08
"849","Generation time",34.8,7.5170466373577e-08
"850","Generation time",34.9,7.21662157240317e-08
"851","Generation time",35,6.9292376172427e-08
"852","Generation time",35.1,6.65432376194818e-08
"853","Generation time",35.2,6.39133421137575e-08
"854","Generation time",35.3,6.13974726277777e-08
"855","Generation time",35.4,5.89906423355276e-08
"856","Generation time",35.5,5.66880843505736e-08
"857","Generation time",35.6,5.44852419101809e-08
"858","Generation time",35.7,5.23777592937923e-08
"859","Generation time",35.8,5.03614724548086e-08
"860","Generation time",35.9,4.84324008015761e-08
"861","Generation time",36,4.65867389761514e-08
"862","Generation time",36.1,4.48208490787604e-08
"863","Generation time",36.2,4.31312532295011e-08
"864","Generation time",36.3,4.15146264756743e-08
"865","Generation time",36.4,3.9967790010784e-08
"866","Generation time",36.5,3.84877046925383e-08
"867","Generation time",36.6,3.70714648605249e-08
"868","Generation time",36.7,3.57162924187637e-08
"869","Generation time",36.8,3.44195311921048e-08
"870","Generation time",36.9,3.31786415277818e-08
"871","Generation time",37,3.19911951414214e-08
"872","Generation time",37.1,3.0854870197621e-08
"873","Generation time",37.2,2.97674465908283e-08
"874","Generation time",37.3,2.87268014672116e-08
"875","Generation time",37.4,2.77309049117872e-08
"876","Generation time",37.5,2.67778158578633e-08
"877","Generation time",37.6,2.58656781685514e-08
"878","Generation time",37.7,2.49927168500699e-08
"879","Generation time",37.8,2.41572345572127e-08
"880","Generation time",37.9,2.33576080739763e-08
"881","Generation time",38,2.25922851099415e-08
"882","Generation time",38.1,2.18597811335929e-08
"883","Generation time",38.2,2.11586764665324e-08
"884","Generation time",38.3,2.04876133195665e-08
"885","Generation time",38.4,1.98452931433502e-08
"886","Generation time",38.5,1.92304739991669e-08
"887","Generation time",38.6,1.86419680782938e-08
"888","Generation time",38.7,1.80786393131234e-08
"889","Generation time",38.8,1.75394011190686e-08
"890","Generation time",38.9,1.70232141859186e-08
"891","Generation time",39,1.65290844645856e-08
"892","Generation time",39.1,1.60560611204769e-08
"893","Generation time",39.2,1.56032346669179e-08
"894","Generation time",39.3,1.51697351555367e-08
"895","Generation time",39.4,1.47547304000532e-08
"896","Generation time",39.5,1.43574244073141e-08
"897","Generation time",39.6,1.39770557076291e-08
"898","Generation time",39.7,1.36128958823057e-08
"899","Generation time",39.8,1.32642481134098e-08
"900","Generation time",39.9,1.29304457989853e-08
"901","Generation time",40,1.26108512342461e-08
"902","Generation time",40.1,1.23048543334967e-08
"903","Generation time",40.2,1.20118714535591e-08
"904","Generation time",40.3,1.1731344208371e-08
"905","Generation time",40.4,1.14627383848514e-08
"906","Generation time",40.5,1.12055428863098e-08
"907","Generation time",40.6,1.09592686695138e-08
"908","Generation time",40.7,1.0723447913243e-08
"909","Generation time",40.8,1.04976329671716e-08
"910","Generation time",40.9,1.0281395516534e-08
"911","Generation time",41,1.0074325746105e-08
"912","Generation time",41.1,9.87603152941063e-09
"913","Generation time",41.2,9.68613765925148e-09
"914","Generation time",41.3,9.50428511019282e-09
"915","Generation time",41.4,9.3301303338163e-09
"916","Generation time",41.5,9.16334458895545e-09
"917","Generation time",41.6,9.00361329593017e-09
"918","Generation time",41.7,8.85063543056477e-09
"919","Generation time",41.8,8.70412288962429e-09
"920","Generation time",41.9,8.5638000203938e-09
"921","Generation time",42,8.42940299336625e-09
"922","Generation time",42.1,8.30067932896645e-09
"923","Generation time",42.2,8.17738740034683e-09
"924","Generation time",42.3,8.05929596046437e-09
"925","Generation time",42.4,7.94618369051211e-09
"926","Generation time",42.5,7.83783878353553e-09
"927","Generation time",42.6,7.7340585119916e-09
"928","Generation time",42.7,7.63464885080688e-09
"929","Generation time",42.8,7.53942408326582e-09
"930","Generation time",42.9,7.44820646478333e-09
"931","Generation time",43,7.3608258623394e-09
"932","Generation time",43.1,7.27711943097126e-09
"933","Generation time",43.2,7.19693129828946e-09
"934","Generation time",43.3,7.12011225622163e-09
"935","Generation time",43.4,7.0465194892512e-09
"936","Generation time",43.5,6.97601628503377e-09
"937","Generation time",43.6,6.90847177300238e-09
"938","Generation time",43.7,6.8437606782346e-09
"939","Generation time",43.8,6.78176307585208e-09
"940","Generation time",43.9,6.7223641623972e-09
"941","Generation time",44,6.66545403236073e-09
"942","Generation time",44.1,6.61092746941657e-09
"943","Generation time",44.2,6.55868374642083e-09
"944","Generation time",44.3,6.50862643194417e-09
"945","Generation time",44.4,6.46066319883194e-09
"946","Generation time",44.5,6.4147056737577e-09
"947","Generation time",44.6,6.37066918070925e-09
"948","Generation time",44.7,6.32847274848593e-09
"949","Generation time",44.8,6.28803876643117e-09
"950","Generation time",44.9,6.24929297365543e-09
"951","Generation time",45,6.21216424606483e-09
"952","Generation time",45.1,6.1765844869268e-09
"953","Generation time",45.2,6.14248848722985e-09
"954","Generation time",45.3,6.1098138185371e-09
"955","Generation time",45.4,6.07850069732732e-09
"956","Generation time",45.5,6.04849186385386e-09
"957","Generation time",45.6,6.01973251262229e-09
"958","Generation time",45.7,5.99217014609183e-09
"959","Generation time",45.8,5.96575449275266e-09
"960","Generation time",45.9,5.94043741410425e-09
"961","Generation time",46,5.91617281027587e-09
"962","Generation time",46.1,5.89291652875871e-09
"963","Generation time",46.2,5.87062629152341e-09
"964","Generation time",46.3,5.84926160355511e-09
"965","Generation time",46.4,5.82878368970212e-09
"966","Generation time",46.5,5.80915540345218e-09
"967","Generation time",46.6,5.7903411808548e-09
"968","Generation time",46.7,5.77230695082448e-09
"969","Generation time",46.8,5.75502008230866e-09
"970","Generation time",46.9,5.73844932465978e-09
"971","Generation time",47,5.72256474280299e-09
"972","Generation time",47.1,5.70733766121124e-09
"973","Generation time",47.2,5.69274062154732e-09
"974","Generation time",47.3,5.67874732304147e-09
"975","Generation time",47.4,5.66533255215604e-09
"976","Generation time",47.5,5.65247218651269e-09
"977","Generation time",47.6,5.64014310082883e-09
"978","Generation time",47.7,5.6283231470983e-09
"979","Generation time",47.8,5.61699111005613e-09
"980","Generation time",47.9,5.60612666491083e-09
"981","Generation time",48,5.59571034198451e-09
"982","Generation time",48.1,5.58572348900728e-09
"983","Generation time",48.2,5.57614823739191e-09
"984","Generation time",48.3,5.56696746825543e-09
"985","Generation time",48.4,5.55816478268156e-09
"986","Generation time",48.5,5.54972446635395e-09
"987","Generation time",48.6,5.54163146672819e-09
"988","Generation time",48.7,5.53387136130066e-09
"989","Generation time",48.8,5.52643033199851e-09
"990","Generation time",48.9,5.51929514027756e-09
"991","Generation time",49,5.51245309614461e-09
"992","Generation time",49.1,5.50589205473041e-09
"993","Generation time",49.2,5.49960035622973e-09
"994","Generation time",49.3,5.49356685413472e-09
"995","Generation time",49.4,5.48778085053514e-09
"996","Generation time",49.5,5.48223210219518e-09
"997","Generation time",49.6,5.47691078993924e-09
"998","Generation time",49.7,5.47180750957732e-09
"999","Generation time",49.8,5.46691323622002e-09
"1000","Generation time",49.9,5.4622193449359e-09
"1001","Generation time",50,5.45771754230728e-09
"1002","Serial interval",-50,0
"1003","Serial interval",-49.9,0
"1004","Serial interval",-49.8,0
"1005","Serial interval",-49.7,0
"1006","Serial interval",-49.6,0
"1007","Serial interval",-49.5,0
"1008","Serial interval",-49.4,0
"1009","Serial interval",-49.3,0
"1010","Serial interval",-49.2,0
"1011","Serial interval",-49.1,0
"1012","Serial interval",-49,0
"1013","Serial interval",-48.9,0
"1014","Serial interval",-48.8,0
"1015","Serial interval",-48.7,0
"1016","Serial interval",-48.6,0
"1017","Serial interval",-48.5,0
"1018","Serial interval",-48.4,0
"1019","Serial interval",-48.3,0
"1020","Serial interval",-48.2,0
"1021","Serial interval",-48.1,0
"1022","Serial interval",-48,0
"1023","Serial interval",-47.9,0
"1024","Serial interval",-47.8,0
"1025","Serial interval",-47.7,0
"1026","Serial interval",-47.6,0
"1027","Serial interval",-47.5,0
"1028","Serial interval",-47.4,0
"1029","Serial interval",-47.3,0
"1030","Serial interval",-47.2,0
"1031","Serial interval",-47.1,0
"1032","Serial interval",-47,0
"1033","Serial interval",-46.9,0
"1034","Serial interval",-46.8,0
"1035","Serial interval",-46.7,0
"1036","Serial interval",-46.6,0
"1037","Serial interval",-46.5,0
"1038","Serial interval",-46.4,0
"1039","Serial interval",-46.3,0
"1040","Serial interval",-46.2,0
"1041","Serial interval",-46.1,0
"1042","Serial interval",-46,0
"1043","Serial interval",-45.9,0
"1044","Serial interval",-45.8,0
"1045","Serial interval",-45.7,0
"1046","Serial interval",-45.6,0
"1047","Serial interval",-45.5,0
"1048","Serial interval",-45.4,0
"1049","Serial interval",-45.3,0
"1050","Serial interval",-45.2,0
"1051","Serial interval",-45.1,0
"1052","Serial interval",-45,0
"1053","Serial interval",-44.9,0
"1054","Serial interval",-44.8,0
"1055","Serial interval",-44.7,0
"1056","Serial interval",-44.6,0
"1057","Serial interval",-44.5,0
"1058","Serial interval",-44.4,0
"1059","Serial interval",-44.3,0
"1060","Serial interval",-44.2,0
"1061","Serial interval",-44.1,0
"1062","Serial interval",-44,0
"1063","Serial interval",-43.9,0
"1064","Serial interval",-43.8,0
"1065","Serial interval",-43.7,0
"1066","Serial interval",-43.6,0
"1067","Serial interval",-43.5,0
"1068","Serial interval",-43.4,0
"1069","Serial interval",-43.3,0
"1070","Serial interval",-43.2,0
"1071","Serial interval",-43.1,0
"1072","Serial interval",-43,0
"1073","Serial interval",-42.9,0
"1074","Serial interval",-42.8,0
"1075","Serial interval",-42.7,0
"1076","Serial interval",-42.6,0
"1077","Serial interval",-42.5,0
"1078","Serial interval",-42.4,0
"1079","Serial interval",-42.3,0
"1080","Serial interval",-42.2,0
"1081","Serial interval",-42.1,0
"1082","Serial interval",-42,0
"1083","Serial interval",-41.9,0
"1084","Serial interval",-41.8,0
"1085","Serial interval",-41.7,0
"1086","Serial interval",-41.6,0
"1087","Serial interval",-41.5,0
"1088","Serial interval",-41.4,0
"1089","Serial interval",-41.3,0
"1090","Serial interval",-41.2,0
"1091","Serial interval",-41.1,0
"1092","Serial interval",-41,0
"1093","Serial interval",-40.9,0
"1094","Serial interval",-40.8,0
"1095","Serial interval",-40.7,0
"1096","Serial interval",-40.6,0
"1097","Serial interval",-40.5,0
"1098","Serial interval",-40.4,0
"1099","Serial interval",-40.3,0
"1100","Serial interval",-40.2,0
"1101","Serial interval",-40.1,0
"1102","Serial interval",-40,0
"1103","Serial interval",-39.9,0
"1104","Serial interval",-39.8,0
"1105","Serial interval",-39.7,0
"1106","Serial interval",-39.6,0
"1107","Serial interval",-39.5,0
"1108","Serial interval",-39.4,0
"1109","Serial interval",-39.3,0
"1110","Serial interval",-39.2,0
"1111","Serial interval",-39.1,0
"1112","Serial interval",-39,0
"1113","Serial interval",-38.9,0
"1114","Serial interval",-38.8,0
"1115","Serial interval",-38.7,0
"1116","Serial interval",-38.6,0
"1117","Serial interval",-38.5,0
"1118","Serial interval",-38.4,0
"1119","Serial interval",-38.3,0
"1120","Serial interval",-38.2,0
"1121","Serial interval",-38.1,0
"1122","Serial interval",-38,0
"1123","Serial interval",-37.9,0
"1124","Serial interval",-37.8,0
"1125","Serial interval",-37.7,0
"1126","Serial interval",-37.6,0
"1127","Serial interval",-37.5,0
"1128","Serial interval",-37.4,0
"1129","Serial interval",-37.3,0
"1130","Serial interval",-37.2,0
"1131","Serial interval",-37.1,0
"1132","Serial interval",-37,0
"1133","Serial interval",-36.9,0
"1134","Serial interval",-36.8,0
"1135","Serial interval",-36.7,0
"1136","Serial interval",-36.6,0
"1137","Serial interval",-36.5,0
"1138","Serial interval",-36.4,0
"1139","Serial interval",-36.3,0
"1140","Serial interval",-36.2,0
"1141","Serial interval",-36.1,0
"1142","Serial interval",-36,0
"1143","Serial interval",-35.9,0
"1144","Serial interval",-35.8,0
"1145","Serial interval",-35.7,0
"1146","Serial interval",-35.6,0
"1147","Serial interval",-35.5,0
"1148","Serial interval",-35.4,0
"1149","Serial interval",-35.3,0
"1150","Serial interval",-35.2,0
"1151","Serial interval",-35.1,0
"1152","Serial interval",-35,0
"1153","Serial interval",-34.9,0
"1154","Serial interval",-34.8,0
"1155","Serial interval",-34.7,0
"1156","Serial interval",-34.6,0
"1157","Serial interval",-34.5,0
"1158","Serial interval",-34.4,0
"1159","Serial interval",-34.3,0
"1160","Serial interval",-34.2,0
"1161","Serial interval",-34.1,0
"1162","Serial interval",-34,0
"1163","Serial interval",-33.9,0
"1164","Serial interval",-33.8,0
"1165","Serial interval",-33.7,0
"1166","Serial interval",-33.6,0
"1167","Serial interval",-33.5,0
"1168","Serial interval",-33.4,0
"1169","Serial interval",-33.3,0
"1170","Serial interval",-33.2,0
"1171","Serial interval",-33.1,0
"1172","Serial interval",-33,0
"1173","Serial interval",-32.9,0
"1174","Serial interval",-32.8,0
"1175","Serial interval",-32.7,0
"1176","Serial interval",-32.6,0
"1177","Serial interval",-32.5,0
"1178","Serial interval",-32.4,0
"1179","Serial interval",-32.3,0
"1180","Serial interval",-32.2,0
"1181","Serial interval",-32.1,0
"1182","Serial interval",-32,0
"1183","Serial interval",-31.9,0
"1184","Serial interval",-31.8,0
"1185","Serial interval",-31.7,0
"1186","Serial interval",-31.6,0
"1187","Serial interval",-31.5,0
"1188","Serial interval",-31.4,0
"1189","Serial interval",-31.3,0
"1190","Serial interval",-31.2,0
"1191","Serial interval",-31.1,0
"1192","Serial interval",-31,0
"1193","Serial interval",-30.9,0
"1194","Serial interval",-30.8,0
"1195","Serial interval",-30.7,0
"1196","Serial interval",-30.6,0
"1197","Serial interval",-30.5,0
"1198","Serial interval",-30.4,0
"1199","Serial interval",-30.3,0
"1200","Serial interval",-30.2,0
"1201","Serial interval",-30.1,0
"1202","Serial interval",-30,0
"1203","Serial interval",-29.9,0
"1204","Serial interval",-29.8,0
"1205","Serial interval",-29.7,0
"1206","Serial interval",-29.6,0
"1207","Serial interval",-29.5,0
"1208","Serial interval",-29.4,0
"1209","Serial interval",-29.3,0
"1210","Serial interval",-29.2,0
"1211","Serial interval",-29.1,0
"1212","Serial interval",-29,0
"1213","Serial interval",-28.9,0
"1214","Serial interval",-28.8,0
"1215","Serial interval",-28.7,0
"1216","Serial interval",-28.6,0
"1217","Serial interval",-28.5,0
"1218","Serial interval",-28.4,0
"1219","Serial interval",-28.3,0
"1220","Serial interval",-28.2,0
"1221","Serial interval",-28.1,0
"1222","Serial interval",-28,0
"1223","Serial interval",-27.9,0
"1224","Serial interval",-27.8,0
"1225","Serial interval",-27.7,0
"1226","Serial interval",-27.6,0
"1227","Serial interval",-27.5,0
"1228","Serial interval",-27.4,0
"1229","Serial interval",-27.3,0
"1230","Serial interval",-27.2,0
"1231","Serial interval",-27.1,0
"1232","Serial interval",-27,0
"1233","Serial interval",-26.9,0
"1234","Serial interval",-26.8,0
"1235","Serial interval",-26.7,0
"1236","Serial interval",-26.6,0
"1237","Serial interval",-26.5,0
"1238","Serial interval",-26.4,0
"1239","Serial interval",-26.3,0
"1240","Serial interval",-26.2,0
"1241","Serial interval",-26.1,0
"1242","Serial interval",-26,0
"1243","Serial interval",-25.9,0
"1244","Serial interval",-25.8,0
"1245","Serial interval",-25.7,0
"1246","Serial interval",-25.6,0
"1247","Serial interval",-25.5,0
"1248","Serial interval",-25.4,0
"1249","Serial interval",-25.3,0
"1250","Serial interval",-25.2,0
"1251","Serial interval",-25.1,0
"1252","Serial interval",-25,0
"1253","Serial interval",-24.9,0
"1254","Serial interval",-24.8,0
"1255","Serial interval",-24.7,0
"1256","Serial interval",-24.6,0
"1257","Serial interval",-24.5,0
"1258","Serial interval",-24.4,0
"1259","Serial interval",-24.3,0
"1260","Serial interval",-24.2,0
"1261","Serial interval",-24.1,0
"1262","Serial interval",-24,0
"1263","Serial interval",-23.9,0
"1264","Serial interval",-23.8,0
"1265","Serial interval",-23.7,0
"1266","Serial interval",-23.6,0
"1267","Serial interval",-23.5,0
"1268","Serial interval",-23.4,0
"1269","Serial interval",-23.3,0
"1270","Serial interval",-23.2,0
"1271","Serial interval",-23.1,0
"1272","Serial interval",-23,0
"1273","Serial interval",-22.9,0
"1274","Serial interval",-22.8,0
"1275","Serial interval",-22.7,0
"1276","Serial interval",-22.6,0
"1277","Serial interval",-22.5,0
"1278","Serial interval",-22.4,0
"1279","Serial interval",-22.3,0
"1280","Serial interval",-22.2,0
"1281","Serial interval",-22.1,0
"1282","Serial interval",-22,0
"1283","Serial interval",-21.9,0
"1284","Serial interval",-21.8,0
"1285","Serial interval",-21.7,0
"1286","Serial interval",-21.6,0
"1287","Serial interval",-21.5,0
"1288","Serial interval",-21.4,0
"1289","Serial interval",-21.3,0
"1290","Serial interval",-21.2,0
"1291","Serial interval",-21.1,0
"1292","Serial interval",-21,0
"1293","Serial interval",-20.9,0
"1294","Serial interval",-20.8,0
"1295","Serial interval",-20.7,0
"1296","Serial interval",-20.6,0
"1297","Serial interval",-20.5,0
"1298","Serial interval",-20.4,0
"1299","Serial interval",-20.3,0
"1300","Serial interval",-20.2,0
"1301","Serial interval",-20.1,0
"1302","Serial interval",-20,0
"1303","Serial interval",-19.9,0
"1304","Serial interval",-19.8,0
"1305","Serial interval",-19.7,0
"1306","Serial interval",-19.6,0
"1307","Serial interval",-19.5,0
"1308","Serial interval",-19.4,0
"1309","Serial interval",-19.3,0
"1310","Serial interval",-19.2,0
"1311","Serial interval",-19.1,0
"1312","Serial interval",-19,0
"1313","Serial interval",-18.9,0
"1314","Serial interval",-18.8,0
"1315","Serial interval",-18.7,0
"1316","Serial interval",-18.6,0
"1317","Serial interval",-18.5,0
"1318","Serial interval",-18.4,0
"1319","Serial interval",-18.3,0
"1320","Serial interval",-18.2,0
"1321","Serial interval",-18.1,0
"1322","Serial interval",-18,0
"1323","Serial interval",-17.9,0
"1324","Serial interval",-17.8,0
"1325","Serial interval",-17.7,0
"1326","Serial interval",-17.6,0
"1327","Serial interval",-17.5,0
"1328","Serial interval",-17.4,0
"1329","Serial interval",-17.3,0
"1330","Serial interval",-17.2,0
"1331","Serial interval",-17.1,0
"1332","Serial interval",-17,0
"1333","Serial interval",-16.9,0
"1334","Serial interval",-16.8,0
"1335","Serial interval",-16.7,0
"1336","Serial interval",-16.6,0
"1337","Serial interval",-16.5,0
"1338","Serial interval",-16.4,0
"1339","Serial interval",-16.3,0
"1340","Serial interval",-16.2,0
"1341","Serial interval",-16.1,0
"1342","Serial interval",-16,0
"1343","Serial interval",-15.9,0
"1344","Serial interval",-15.8,0
"1345","Serial interval",-15.7,0
"1346","Serial interval",-15.6,0
"1347","Serial interval",-15.5,0
"1348","Serial interval",-15.4,0
"1349","Serial interval",-15.3,0
"1350","Serial interval",-15.2,0
"1351","Serial interval",-15.1,0
"1352","Serial interval",-15,0
"1353","Serial interval",-14.9,0
"1354","Serial interval",-14.8,0
"1355","Serial interval",-14.7,0
"1356","Serial interval",-14.6,0
"1357","Serial interval",-14.5,0
"1358","Serial interval",-14.4,0
"1359","Serial interval",-14.3,1.05874426103825e-26
"1360","Serial interval",-14.2,7.62182897496554e-25
"1361","Serial interval",-14.1,9.58301395668677e-24
"1362","Serial interval",-14,6.23162938413243e-23
"1363","Serial interval",-13.9,2.6244216211357e-22
"1364","Serial interval",-13.8,8.22748716457013e-22
"1365","Serial interval",-13.7,2.12488501351177e-21
"1366","Serial interval",-13.6,4.77997195740035e-21
"1367","Serial interval",-13.5,9.69091588462391e-21
"1368","Serial interval",-13.4,1.81590235615913e-20
"1369","Serial interval",-13.3,3.20472059596256e-20
"1370","Serial interval",-13.2,5.40155538960414e-20
"1371","Serial interval",-13.1,8.76963810588985e-20
"1372","Serial interval",-13,1.38145039271448e-19
"1373","Serial interval",-12.9,2.12408531072044e-19
"1374","Serial interval",-12.8,3.20307661354101e-19
"1375","Serial interval",-12.7,4.75769526928381e-19
"1376","Serial interval",-12.6,6.98213659398535e-19
"1377","Serial interval",-12.5,1.01485006057997e-18
"1378","Serial interval",-12.4,1.46353534051488e-18
"1379","Serial interval",-12.3,2.0967783078793e-18
"1380","Serial interval",-12.2,2.98747451734149e-18
"1381","Serial interval",-12.1,4.23671001082522e-18
"1382","Serial interval",-12,5.98447141392798e-18
"1383","Serial interval",-11.9,8.42493623684457e-18
"1384","Serial interval",-11.8,1.18273275118788e-17
"1385","Serial interval",-11.7,1.65646632750611e-17
"1386","Serial interval",-11.6,2.3153599440127e-17
"1387","Serial interval",-11.5,3.23105137560932e-17
"1388","Serial interval",-11.4,4.50271497049414e-17
"1389","Serial interval",-11.3,6.26771181623887e-17
"1390","Serial interval",-11.2,8.71619816517053e-17
"1391","Serial interval",-11.1,1.21114051232929e-16
"1392","Serial interval",-11,1.68174481561086e-16
"1393","Serial interval",-10.9,2.33383779190673e-16
"1394","Serial interval",-10.8,3.23710147032659e-16
"1395","Serial interval",-10.7,4.48794001764764e-16
"1396","Serial interval",-10.6,6.2195612350846e-16
"1397","Serial interval",-10.5,8.61617148566052e-16
"1398","Serial interval",-10.4,1.19323260878277e-15
"1399","Serial interval",-10.3,1.65194444398003e-15
"1400","Serial interval",-10.2,2.28630932965492e-15
"1401","Serial interval",-10.1,3.16338111957957e-15
"1402","Serial interval",-10,4.37569564178839e-15
"1403","Serial interval",-9.9,6.05092831389587e-15
"1404","Serial interval",-9.8,8.36525783723346e-15
"1405","Serial interval",-9.7,1.15616593776407e-14
"1406","Serial interval",-9.6,1.59750962146375e-14
"1407","Serial interval",-9.5,2.20672822088402e-14
"1408","Serial interval",-9.4,3.04744480432864e-14
"1409","Serial interval",-9.3,4.20729402412212e-14
"1410","Serial interval",-9.2,5.8069518944949e-14
"1411","Serial interval",-9.1,8.01255071646393e-14
"1412","Serial interval",-9,1.10527024716204e-13
"1413","Serial interval",-8.9,1.52419088024316e-13
"1414","Serial interval",-8.8,2.10126835744128e-13
"1415","Serial interval",-8.7,2.89596092202083e-13
"1416","Serial interval",-8.6,3.98998016213751e-13
"1417","Serial interval",-8.5,5.49557714443249e-13
"1418","Serial interval",-8.4,7.5669013230143e-13
"1419","Serial interval",-8.3,1.04155581164365e-12
"1420","Serial interval",-8.2,1.43319155329913e-12
"1421","Serial interval",-8.1,1.97142632195945e-12
"1422","Serial interval",-8,2.71087077632949e-12
"1423","Serial interval",-7.9,3.72637272355258e-12
"1424","Serial interval",-7.8,5.12047397321227e-12
"1425","Serial interval",-7.7,7.03359775404163e-12
"1426","Serial interval",-7.6,9.65796015927163e-12
"1427","Serial interval",-7.5,1.32565569650843e-11
"1428","Serial interval",-7.4,1.81890648920324e-11
"1429","Serial interval",-7.3,2.49471565679442e-11
"1430","Serial interval",-7.2,3.42026252081426e-11
"1431","Serial interval",-7.1,4.68729293316527e-11
"1432","Serial interval",-7,6.4210414724645e-11
"1433","Serial interval",-6.9,8.79236947029695e-11
"1434","Serial interval",-6.8,1.20342683449104e-10
"1435","Serial interval",-6.7,1.646428548704e-10
"1436","Serial interval",-6.6,2.25149774265425e-10
"1437","Serial interval",-6.5,3.07752401152004e-10
"1438","Serial interval",-6.4,4.20463631615233e-10
"1439","Serial interval",-6.3,5.74180024078476e-10
"1440","Serial interval",-6.2,7.83710825237535e-10
"1441","Serial interval",-6.1,1.06917070320123e-09
"1442","Serial interval",-6,1.45786346640653e-09
"1443","Serial interval",-5.9,1.9868279040953e-09
"1444","Serial interval",-5.8,2.70627594580194e-09
"1445","Serial interval",-5.7,3.68423208900611e-09
"1446","Serial interval",-5.6,5.01278909915056e-09
"1447","Serial interval",-5.5,6.81653551584339e-09
"1448","Serial interval",-5.4,9.26390006121498e-09
"1449","Serial interval",-5.3,1.2582408191993e-08
"1450","Serial interval",-5.2,1.70791818236472e-08
"1451","Serial interval",-5.1,2.31684586816129e-08
"1452","Serial interval",-5,3.14084980866635e-08
"1453","Serial interval",-4.9,4.25510266336814e-08
"1454","Serial interval",-4.8,5.76074160015855e-08
"1455","Serial interval",-4.7,7.7937159715198e-08
"1456","Serial interval",-4.6,1.05366033821e-07
"1457","Serial interval",-4.5,1.42343717624889e-07
"1458","Serial interval",-4.4,1.92153808290639e-07
"1459","Serial interval",-4.3,2.59193298080162e-07
"1460","Serial interval",-4.2,3.49344016969109e-07
"1461","Serial interval",-4.1,4.70465655714987e-07
"1462","Serial interval",-4,6.3304926809901e-07
"1463","Serial interval",-3.9,8.51082242976997e-07
"1464","Serial interval",-3.8,1.14319150040158e-06
"1465","Serial interval",-3.7,1.53415204918859e-06
"1466","Serial interval",-3.6,2.05687449484069e-06
"1467","Serial interval",-3.5,2.75501910983954e-06
"1468","Serial interval",-3.4,3.68642803809462e-06
"1469","Serial interval",-3.3,4.92762331702602e-06
"1470","Serial interval",-3.2,6.57969040877663e-06
"1471","Serial interval",-3.1,8.7759584761418e-06
"1472","Serial interval",-3,1.169200480625e-05
"1473","Serial interval",-2.9,1.5558657782327e-05
"1474","Serial interval",-2.8,2.06788571532585e-05
"1475","Serial interval",-2.7,2.74494620778534e-05
"1476","Serial interval",-2.6,3.63893843699432e-05
"1477","Serial interval",-2.5,4.81757813136526e-05
"1478","Serial interval",-2.4,6.36904784189713e-05
"1479","Serial interval",-2.3,8.40793275873265e-05
"1480","Serial interval",-2.2,0.00011082784854554
"1481","Serial interval",-2.1,0.000145857274358339
"1482","Serial interval",-2,0.000191646032772902
"1483","Serial interval",-1.9,0.000251382755102544
"1484","Serial interval",-1.8,0.000329158124247085
"1485","Serial interval",-1.7,0.000430204226800238
"1486","Serial interval",-1.6,0.000561191558249751
"1487","Serial interval",-1.5,0.00073059535632849
"1488","Serial interval",-1.4,0.000949144443247272
"1489","Serial interval",-1.3,0.00123036703189116
"1490","Serial interval",-1.2,0.00159124883370119
"1491","Serial interval",-1.1,0.00205301876394837
"1492","Serial interval",-1,0.00264207633082958
"1493","Serial interval",-0.9,0.00339107128178822
"1494","Serial interval",-0.8,0.00434013958450783
"1495","Serial interval",-0.7,0.00553828865491611
"1496","Serial interval",-0.6,0.00704490702126199
"1497","Serial interval",-0.5,0.00893134644855022
"1498","Serial interval",-0.4,0.0112824845672459
"1499","Serial interval",-0.3,0.0141981174390972
"1500","Serial interval",-0.2,0.0177939472089553
"1501","Serial interval",-0.1,0.0222018103656045
"1502","Serial interval",0,0.0275686235392972
"1503","Serial interval",0.1,0.0340544270527968
"1504","Serial interval",0.2,0.0418556243738483
"1505","Serial interval",0.3,0.0512531933795366
"1506","Serial interval",0.4,0.0625566157484972
"1507","Serial interval",0.5,0.0759701434283961
"1508","Serial interval",0.6,0.0914854738654398
"1509","Serial interval",0.7,0.108845589197205
"1510","Serial interval",0.8,0.127572855697804
"1511","Serial interval",0.9,0.147039169234757
"1512","Serial interval",1,0.166549335223762
"1513","Serial interval",1.1,0.185419653364649
"1514","Serial interval",1.2,0.203037472279598
"1515","Serial interval",1.3,0.218909451819058
"1516","Serial interval",1.4,0.232665178889776
"1517","Serial interval",1.5,0.244076064674498
"1518","Serial interval",1.6,0.253038028321251
"1519","Serial interval",1.7,0.259555714215242
"1520","Serial interval",1.8,0.263720747010175
"1521","Serial interval",1.9,0.265691458584209
"1522","Serial interval",2,0.265669408193311
"1523","Serial interval",2.1,0.263883418605897
"1524","Serial interval",2.2,0.260572500350722
"1525","Serial interval",2.3,0.255975561274912
"1526","Serial interval",2.4,0.250321501823939
"1527","Serial interval",2.5,0.243822805455428
"1528","Serial interval",2.6,0.236672813243575
"1529","Serial interval",2.7,0.22904307938863
"1530","Serial interval",2.8,0.221083171071431
"1531","Serial interval",2.9,0.212921103370555
"1532","Serial interval",3,0.204664931174563
"1533","Serial interval",3.1,0.196403020711551
"1534","Serial interval",3.2,0.188208485347561
"1535","Serial interval",3.3,0.180121861834198
"1536","Serial interval",3.4,0.172240273390378
"1537","Serial interval",3.5,0.164546118164838
"1538","Serial interval",3.6,0.157082114877014
"1539","Serial interval",3.7,0.149865966639388
"1540","Serial interval",3.8,0.142909126658104
"1541","Serial interval",3.9,0.136218237357396
"1542","Serial interval",4,0.129795832665469
"1543","Serial interval",4.1,0.123641174872132
"1544","Serial interval",4.2,0.117751290624551
"1545","Serial interval",4.3,0.11212037799909
"1546","Serial interval",4.4,0.106742891290159
"1547","Serial interval",4.5,0.101611049454722
"1548","Serial interval",4.6,0.0967167731493727
"1549","Serial interval",4.7,0.0920514188054617
"1550","Serial interval",4.8,0.0876062060370106
"1551","Serial interval",4.9,0.0833721689862068
"1552","Serial interval",5,0.0793403364544484
"1553","Serial interval",5.1,0.0755019237660492
"1554","Serial interval",5.2,0.0718483194539503
"1555","Serial interval",5.3,0.0683711139062208
"1556","Serial interval",5.4,0.0650621662483966
"1557","Serial interval",5.5,0.0619135968617318
"1558","Serial interval",5.6,0.0589178038567338
"1559","Serial interval",5.7,0.0560674845258246
"1560","Serial interval",5.8,0.0533557396053593
"1561","Serial interval",5.9,0.0507758708375885
"1562","Serial interval",6,0.0483214980836761
"1563","Serial interval",6.1,0.0459865107156638
"1564","Serial interval",6.2,0.0437651399556818
"1565","Serial interval",6.3,0.0416518052867146
"1566","Serial interval",6.4,0.0396413024040948
"1567","Serial interval",6.5,0.0377285577641532
"1568","Serial interval",6.6,0.035908823295788
"1569","Serial interval",6.7,0.0341775468245654
"1570","Serial interval",6.8,0.0325303984701452
"1571","Serial interval",6.9,0.0309632631915347
"1572","Serial interval",7,0.0294722358710388
"1573","Serial interval",7.1,0.0280535789762023
"1574","Serial interval",7.2,0.0267037732070762
"1575","Serial interval",7.3,0.0254194398441192
"1576","Serial interval",7.4,0.024197381613785
"1577","Serial interval",7.5,0.0230345556648177
"1578","Serial interval",7.6,0.0219280716077017
"1579","Serial interval",7.7,0.0208751729104363
"1580","Serial interval",7.8,0.0198732483294784
"1581","Serial interval",7.9,0.0189198067627561
"1582","Serial interval",8,0.0180124843323858
"1583","Serial interval",8.1,0.0171490320700007
"1584","Serial interval",8.2,0.0163273122095274
"1585","Serial interval",8.3,0.0155452913479278
"1586","Serial interval",8.4,0.0148010391030582
"1587","Serial interval",8.5,0.0140927090886333
"1588","Serial interval",8.6,0.0134185574905064
"1589","Serial interval",8.7,0.0127769216265366
"1590","Serial interval",8.8,0.0121662203563768
"1591","Serial interval",8.9,0.0115849501302747
"1592","Serial interval",9,0.0110316808346769
"1593","Serial interval",9.1,0.0105050526445009
"1594","Serial interval",9.2,0.0100037722328941
"1595","Serial interval",9.3,0.00952660956903205
"1596","Serial interval",9.4,0.00907239479629258
"1597","Serial interval",9.5,0.00864001526074916
"1598","Serial interval",9.6,0.00822841269816546
"1599","Serial interval",9.7,0.00783658054905102
"1600","Serial interval",9.8,0.00746356141336281
"1601","Serial interval",9.9,0.00710844463021969
"1602","Serial interval",10,0.00677036397771508
"1603","Serial interval",10.1,0.00644849548687357
"1604","Serial interval",10.2,0.00614205539927483
"1605","Serial interval",10.3,0.00585029803416625
"1606","Serial interval",10.4,0.00557251417596781
"1607","Serial interval",10.5,0.00530802909604472
"1608","Serial interval",10.6,0.0050562009102098
"1609","Serial interval",10.7,0.00481641896704972
"1610","Serial interval",10.8,0.00458810231596835
"1611","Serial interval",10.9,0.00437069825097303
"1612","Serial interval",11,0.00416368092642911
"1613","Serial interval",11.1,0.00396655004119752
"1614","Serial interval",11.2,0.00377882958775065
"1615","Serial interval",11.3,0.00360006666303195
"1616","Serial interval",11.4,0.0034298303379876
"1617","Serial interval",11.5,0.00326771058285241
"1618","Serial interval",11.6,0.00311331724541806
"1619","Serial interval",11.7,0.00296627907965131
"1620","Serial interval",11.8,0.00282624282216096
"1621","Serial interval",11.9,0.00269287231413811
"1622","Serial interval",12,0.00256584766651279
"1623","Serial interval",12.1,0.00244486446618305
"1624","Serial interval",12.2,0.00232963302127995
"1625","Serial interval",12.3,0.00221987764353329
"1626","Serial interval",12.4,0.00211533596590005
"1627","Serial interval",12.5,0.00201575829370891
"1628","Serial interval",12.6,0.00192090698766168
"1629","Serial interval",12.7,0.00183055587711519
"1630","Serial interval",12.8,0.00174448970214569
"1631","Serial interval",12.9,0.00166250358298278
"1632","Serial interval",13,0.00158440251539413
"1633","Serial interval",13.1,0.00151000089091678
"1634","Serial interval",13.2,0.00143912204045364
"1635","Serial interval",13.3,0.00137159780028524
"1636","Serial interval",13.4,0.00130726809930415
"1637","Serial interval",13.5,0.00124598056644075
"1638","Serial interval",13.6,0.00118759015728458
"1639","Serial interval",13.7,0.0011319587989554
"1640","Serial interval",13.8,0.00107895505232478
"1641","Serial interval",13.9,0.00102845379073398
"1642","Serial interval",14,0.000980335894395894
"1643","Serial interval",14.1,0.000934487959709505
"1644","Serial interval",14.2,0.000890802022753399
"1645","Serial interval",14.3,0.000849175296261092
"1646","Serial interval",14.4,0.000809509919415801
"1647","Serial interval",14.5,0.000771712719834834
"1648","Serial interval",14.6,0.000735694987145001
"1649","Serial interval",14.7,0.000701372257580241
"1650","Serial interval",14.8,0.00066866410906052
"1651","Serial interval",14.9,0.000637493966238073
"1652","Serial interval",15,0.000607788915022317
"1653","Serial interval",15.1,0.000579479526118865
"1654","Serial interval",15.2,0.000552499687141235
"1655","Serial interval",15.3,0.00052678644287533
"1656","Serial interval",15.4,0.000502279843297789
"1657","Serial interval",15.5,0.000478922798968779
"1658","Serial interval",15.6,0.000456660943438564
"1659","Serial interval",15.7,0.000435442502325056
"1660","Serial interval",15.8,0.00041521816873626
"1661","Serial interval",15.9,0.000395940984727779
"1662","Serial interval",16,0.000377566228500667
"1663","Serial interval",16.1,0.000360051307059436
"1664","Serial interval",16.2,0.000343355654063903
"1665","Serial interval",16.3,0.000327440632621496
"1666","Serial interval",16.4,0.000312269442779264
"1667","Serial interval",16.5,0.000297807033486531
"1668","Serial interval",16.6,0.000284020018810435
"1669","Serial interval",16.7,0.000270876598197317
"1670","Serial interval",16.8,0.000258346480583008
"1671","Serial interval",16.9,0.000246400812164785
"1672","Serial interval",17,0.000235012107656936
"1673","Serial interval",17.1,0.000224154184860556
"1674","Serial interval",17.2,0.000213802102386574
"1675","Serial interval",17.3,0.000203932100378805
"1676","Serial interval",17.4,0.000194521544091409
"1677","Serial interval",17.5,0.000185548870182195
"1678","Serial interval",17.6,0.000176993535590016
"1679","Serial interval",17.7,0.000168835968870954
"1680","Serial interval",17.8,0.000161057523874088
"1681","Serial interval",17.9,0.000153640435643483
"1682","Serial interval",18,0.000146567778438585
"1683","Serial interval",18.1,0.000139823425770412
"1684","Serial interval",18.2,0.000133392012356039
"1685","Serial interval",18.3,0.00012725889789851
"1686","Serial interval",18.4,0.000121410132603956
"1687","Serial interval",18.5,0.000115832424351899
"1688","Serial interval",18.6,0.00011051310743888
"1689","Serial interval",18.7,0.000105440112819412
"1690","Serial interval",18.8,0.00010060193977196
"1691","Serial interval",18.9,9.59876289211747e-05
"1692","Serial interval",19,9.15867365509451e-05
"1693","Serial interval",19.1,8.73893101460177e-05
"1694","Serial interval",19.2,8.3385865102969e-05
"1695","Serial interval",19.3,7.95673625541655e-05
"1696","Serial interval",19.4,7.59251882511176e-05
"1697","Serial interval",19.5,7.24511324562106e-05
"1698","Serial interval",19.6,6.91373707942762e-05
"1699","Serial interval",19.7,6.59764460178382e-05
"1700","Serial interval",19.8,6.29612506420754e-05
"1701","Serial interval",19.9,6.00850104077081e-05
"1702","Serial interval",20,5.73412685320128e-05
"1703","Serial interval",20.1,5.47238707101098e-05
"1704","Serial interval",20.2,5.2226950830503e-05
"1705","Serial interval",20.3,4.9844917370582e-05
"1706","Serial interval",20.4,4.75724404394715e-05
"1707","Serial interval",20.5,4.54044394371789e-05
"1708","Serial interval",20.6,4.33360713004889e-05
"1709","Serial interval",20.7,4.13627193074992e-05
"1710","Serial interval",20.8,3.94799824140245e-05
"1711","Serial interval",20.9,3.76836650964118e-05
"1712","Serial interval",21,3.59697676765201e-05
"1713","Serial interval",21.1,3.43344771057982e-05
"1714","Serial interval",21.2,3.27741581865056e-05
"1715","Serial interval",21.3,3.12853452091704e-05
"1716","Serial interval",21.4,2.98647339864006e-05
"1717","Serial interval",21.5,2.85091742641108e-05
"1718","Serial interval",21.6,2.72156624921398e-05
"1719","Serial interval",21.7,2.59813349371098e-05
"1720","Serial interval",21.8,2.48034611211924e-05
"1721","Serial interval",21.9,2.36794375712396e-05
"1722","Serial interval",22,2.26067818634824e-05
"1723","Serial interval",22.1,2.15831269497095e-05
"1724","Serial interval",22.2,2.06062157515181e-05
"1725","Serial interval",22.3,1.96738960098691e-05
"1726","Serial interval",22.4,1.8784115377796e-05
"1727","Serial interval",22.5,1.79349167446949e-05
"1728","Serial interval",22.6,1.71244337811828e-05
"1729","Serial interval",22.7,1.63508866940346e-05
"1730","Serial interval",22.8,1.56125781812154e-05
"1731","Serial interval",22.9,1.49078895775032e-05
"1732","Serial interval",23,1.42352771816481e-05
"1733","Serial interval",23.1,1.35932687564503e-05
"1734","Serial interval",23.2,1.29804601935546e-05
"1735","Serial interval",23.3,1.23955123351434e-05
"1736","Serial interval",23.4,1.18371479450927e-05
"1737","Serial interval",23.5,1.13041488225031e-05
"1738","Serial interval",23.6,1.07953530508642e-05
"1739","Serial interval",23.7,1.03096523764252e-05
"1740","Serial interval",23.8,9.84598970965551e-06
"1741","Serial interval",23.9,9.40335674397307e-06
"1742","Serial interval",24,8.98079168618795e-06
"1743","Serial interval",24.1,8.57737709338373e-06
"1744","Serial interval",24.2,8.19223781120069e-06
"1745","Serial interval",24.3,7.82453900873337e-06
"1746","Serial interval",24.4,7.47348430547729e-06
"1747","Serial interval",24.5,7.13831398597893e-06
"1748","Serial interval",24.6,6.81830329805015e-06
"1749","Serial interval",24.7,6.51276083060434e-06
"1750","Serial interval",24.8,6.22102696736038e-06
"1751","Serial interval",24.9,5.94247241283654e-06
"1752","Serial interval",25,5.67649678722943e-06
"1753","Serial interval",25.1,5.42252728693142e-06
"1754","Serial interval",25.2,5.18001740759794e-06
"1755","Serial interval",25.3,4.94844572681905e-06
"1756","Serial interval",25.4,4.72731474359142e-06
"1757","Serial interval",25.5,4.51614977192001e-06
"1758","Serial interval",25.6,4.3144978860036e-06
"1759","Serial interval",25.7,4.12192691458047e-06
"1760","Serial interval",25.8,3.93802448212581e-06
"1761","Serial interval",25.9,3.76239709469843e-06
"1762","Serial interval",26,3.59466926834379e-06
"1763","Serial interval",26.1,3.43448269805519e-06
"1764","Serial interval",26.2,3.28149546538895e-06
"1765","Serial interval",26.3,3.13538128292641e-06
"1766","Serial interval",26.4,2.99582877384899e-06
"1767","Serial interval",26.5,2.86254078498755e-06
"1768","Serial interval",26.6,2.73523373177486e-06
"1769","Serial interval",26.7,2.61363697360817e-06
"1770","Serial interval",26.8,2.49749221819956e-06
"1771","Serial interval",26.9,2.38655295355866e-06
"1772","Serial interval",27,2.28058390631357e-06
"1773","Serial interval",27.1,2.17936052514092e-06
"1774","Serial interval",27.2,2.08266848813143e-06
"1775","Serial interval",27.3,1.99030323297236e-06
"1776","Serial interval",27.4,1.9020695088824e-06
"1777","Serial interval",27.5,1.81778094928321e-06
"1778","Serial interval",27.6,1.73725966424139e-06
"1779","Serial interval",27.7,1.66033585175709e-06
"1780","Serial interval",27.8,1.58684742702258e-06
"1781","Serial interval",27.9,1.51663966881271e-06
"1782","Serial interval",28,1.44956488220793e-06
"1783","Serial interval",28.1,1.3854820768927e-06
"1784","Serial interval",28.2,1.32425666030073e-06
"1785","Serial interval",28.3,1.26576014491871e-06
"1786","Serial interval",28.4,1.20986986908941e-06
"1787","Serial interval",28.5,1.15646873068557e-06
"1788","Serial interval",28.6,1.10544493305882e-06
"1789","Serial interval",28.7,1.0566917426904e-06
"1790","Serial interval",28.8,1.01010725800331e-06
"1791","Serial interval",28.9,9.65594188815263e-07
"1792","Serial interval",29,9.23059645940184e-07
"1793","Serial interval",29.1,8.82414940467351e-07
"1794","Serial interval",29.2,8.43575392269245e-07
"1795","Serial interval",29.3,8.06460147310113e-07
"1796","Serial interval",29.4,7.70992003348276e-07
"1797","Serial interval",29.5,7.37097243643167e-07
"1798","Serial interval",29.6,7.04705478295221e-07
"1799","Serial interval",29.7,6.737494928687e-07
"1800","Serial interval",29.8,6.44165103956521e-07
"1801","Serial interval",29.9,6.15891021369244e-07
"1802","Serial interval",30,5.88868716639875e-07
"1803","Serial interval",30.1,5.63042297554748e-07
"1804","Serial interval",30.2,5.38358388430387e-07
"1805","Serial interval",30.3,5.14766015871466e-07
"1806","Serial interval",30.4,4.92216499757766e-07
"1807","Serial interval",30.5,4.70663349217653e-07
"1808","Serial interval",30.6,4.50062163360204e-07
"1809","Serial interval",30.7,4.30370536542292e-07
"1810","Serial interval",30.8,4.11547967968626e-07
"1811","Serial interval",30.9,3.93555775416752e-07
"1812","Serial interval",31,3.76357012904854e-07
"1813","Serial interval",31.1,3.59916392115128e-07
"1814","Serial interval",31.2,3.44200207404318e-07
"1815","Serial interval",31.3,3.29176264231881e-07
"1816","Serial interval",31.4,3.14813810853477e-07
"1817","Serial interval",31.5,3.01083473125612e-07
"1818","Serial interval",31.6,2.87957192281589e-07
"1819","Serial interval",31.7,2.75408165539983e-07
"1820","Serial interval",31.8,2.63410789417373e-07
"1821","Serial interval",31.9,2.51940605619935e-07
"1822","Serial interval",32,2.40974249396694e-07
"1823","Serial interval",32.1,2.30489400240247e-07
"1824","Serial interval",32.2,2.20464734829582e-07
"1825","Serial interval",32.3,2.10879882108953e-07
"1826","Serial interval",32.4,2.01715380408255e-07
"1827","Serial interval",32.5,1.9295263651004e-07
"1828","Serial interval",32.6,1.84573886573102e-07
"1829","Serial interval",32.7,1.76562158829495e-07
"1830","Serial interval",32.8,1.68901237973024e-07
"1831","Serial interval",32.9,1.61575631161634e-07
"1832","Serial interval",33,1.54570535560612e-07
"1833","Serial interval",33.1,1.47871807355335e-07
"1834","Serial interval",33.2,1.41465932168168e-07
"1835","Serial interval",33.3,1.35339996812421e-07
"1836","Serial interval",33.4,1.29481662326115e-07
"1837","Serial interval",33.5,1.23879138223987e-07
"1838","Serial interval",33.6,1.18521157913937e-07
"1839","Serial interval",33.7,1.13396955224705e-07
"1840","Serial interval",33.8,1.08496241993054e-07
"1841","Serial interval",33.9,1.03809186663771e-07
"1842","Serial interval",34,9.93263938551466e-08
"1843","Serial interval",34.1,9.50388848468825e-08
"1844","Serial interval",34.2,9.09380789474318e-08
"1845","Serial interval",34.3,8.70157757021939e-08
"1846","Serial interval",34.4,8.32641379028998e-08
"1847","Serial interval",34.5,7.96756753626578e-08
"1848","Serial interval",34.6,7.62432294219702e-08
"1849","Serial interval",34.7,7.29599581517835e-08
"1850","Serial interval",34.8,6.98193222227078e-08
"1851","Serial interval",34.9,6.68150714097835e-08
"1852","Serial interval",35,6.39412317040304e-08
"1853","Serial interval",35.1,6.1192093003485e-08
"1854","Serial interval",35.2,5.85621973567622e-08
"1855","Serial interval",35.3,5.60463277354431e-08
"1856","Serial interval",35.4,5.36394973098119e-08
"1857","Serial interval",35.5,5.13369392065843e-08
"1858","Serial interval",35.6,4.91340967252205e-08
"1859","Serial interval",35.7,4.70266139942691e-08
"1860","Serial interval",35.8,4.50103270449458e-08
"1861","Serial interval",35.9,4.30812552862049e-08
"1862","Serial interval",36,4.12355933608277e-08
"1863","Serial interval",36.1,3.94697033664887e-08
"1864","Serial interval",36.2,3.77801074249917e-08
"1865","Serial interval",36.3,3.61634805834398e-08
"1866","Serial interval",36.4,3.46166440340495e-08
"1867","Serial interval",36.5,3.31365586358933e-08
"1868","Serial interval",36.6,3.17203187267052e-08
"1869","Serial interval",36.7,3.03651462115102e-08
"1870","Serial interval",36.8,2.90683849145922e-08
"1871","Serial interval",36.9,2.78274951836236e-08
"1872","Serial interval",37,2.66400487351186e-08
"1873","Serial interval",37.1,2.55037237295157e-08
"1874","Serial interval",37.2,2.4416300065267e-08
"1875","Serial interval",37.3,2.33756548840092e-08
"1876","Serial interval",37.4,2.23797582748691e-08
"1877","Serial interval",37.5,2.14266691703548e-08
"1878","Serial interval",37.6,2.05145314252113e-08
"1879","Serial interval",37.7,1.96415700693405e-08
"1880","Serial interval",37.8,1.88060877285216e-08
"1881","Serial interval",37.9,1.80064612025105e-08
"1882","Serial interval",38,1.72411381967903e-08
"1883","Serial interval",38.1,1.65086341987744e-08
"1884","Serial interval",38.2,1.58075294935042e-08
"1885","Serial interval",38.3,1.51364663102848e-08
"1886","Serial interval",38.4,1.44941460983863e-08
"1887","Serial interval",38.5,1.38793269210215e-08
"1888","Serial interval",38.6,1.3290820966982e-08
"1889","Serial interval",38.7,1.27274921712561e-08
"1890","Serial interval",38.8,1.21882539420189e-08
"1891","Serial interval",38.9,1.16720669875407e-08
"1892","Serial interval",39,1.11779372397797e-08
"1893","Serial interval",39.1,1.07049138700216e-08
"1894","Serial interval",39.2,1.02520873916487e-08
"1895","Serial interval",39.3,9.81858784785899e-09
"1896","Serial interval",39.4,9.40358307841345e-09
"1897","Serial interval",39.5,9.00627706403339e-09
"1898","Serial interval",39.6,8.62590834276307e-09
"1899","Serial interval",39.7,8.26174849783418e-09
"1900","Serial interval",39.8,7.91310071034656e-09
"1901","Serial interval",39.9,7.57929837810022e-09
"1902","Serial interval",40,7.25970379302306e-09
"1903","Serial interval",40.1,6.95370687875735e-09
"1904","Serial interval",40.2,6.66072398268931e-09
"1905","Serial interval",40.3,6.38019672250951e-09
"1906","Serial interval",40.4,6.1115908815706e-09
"1907","Serial interval",40.5,5.85439535533098e-09
"1908","Serial interval",40.6,5.60812114181597e-09
"1909","Serial interval",40.7,5.37230037842213e-09
"1910","Serial interval",40.8,5.1464854199922e-09
"1911","Serial interval",40.9,4.93024795746303e-09
"1912","Serial interval",41,4.72317817597017e-09
"1913","Serial interval",41.1,4.52488394889589e-09
"1914","Serial interval",41.2,4.33499006839903e-09
"1915","Serial interval",41.3,4.15313750893618e-09
"1916","Serial interval",41.4,3.97898272325137e-09
"1917","Serial interval",41.5,3.8121969694494e-09
"1918","Serial interval",41.6,3.65246566750178e-09
"1919","Serial interval",41.7,3.49948778436475e-09
"1920","Serial interval",41.8,3.35297524442561e-09
"1921","Serial interval",41.9,3.2126523682418e-09
"1922","Serial interval",42,3.07825533394527e-09
"1923","Serial interval",42.1,2.94953166270544e-09
"1924","Serial interval",42.2,2.82623972725921e-09
"1925","Serial interval",42.3,2.70814828123901e-09
"1926","Serial interval",42.4,2.59503600936417e-09
"1927","Serial interval",42.5,2.48669109727951e-09
"1928","Serial interval",42.6,2.3829108203778e-09
"1929","Serial interval",42.7,2.28350114987875e-09
"1930","Serial interval",42.8,2.18827637739208e-09
"1931","Serial interval",42.9,2.09705875400432e-09
"1932","Serial interval",43,2.00967814715879e-09
"1933","Serial interval",43.1,1.92597171123751e-09
"1934","Serial interval",43.2,1.84578357212154e-09
"1935","Serial interval",43.3,1.76896452711847e-09
"1936","Serial interval",43.4,1.6953717562026e-09
"1937","Serial interval",43.5,1.62486854707285e-09
"1938","Serial interval",43.6,1.55732403153925e-09
"1939","Serial interval",43.7,1.4926129334277e-09
"1940","Serial interval",43.8,1.43061532801042e-09
"1941","Serial interval",43.9,1.37121641062739e-09
"1942","Serial interval",44,1.31430627706397e-09
"1943","Serial interval",44.1,1.25977971193602e-09
"1944","Serial interval",44.2,1.20753598724881e-09
"1945","Serial interval",44.3,1.15747866938084e-09
"1946","Serial interval",44.4,1.10951543404345e-09
"1947","Serial interval",44.5,1.06355789016849e-09
"1948","Serial interval",44.6,1.01952141038521e-09
"1949","Serial interval",44.7,9.77324969851565e-10
"1950","Serial interval",44.8,9.36890991166164e-10
"1951","Serial interval",44.9,8.98145196580829e-10
"1952","Serial interval",45,8.61016466474641e-10
"1953","Serial interval",45.1,8.25436703932518e-10
"1954","Serial interval",45.2,7.91340704790584e-10
"1955","Serial interval",45.3,7.58666034546467e-10
"1956","Serial interval",45.4,7.27352908405597e-10
"1957","Serial interval",45.5,6.97344079229319e-10
"1958","Serial interval",45.6,6.68584727814488e-10
"1959","Serial interval",45.7,6.41022359589668e-10
"1960","Serial interval",45.8,6.14606705000198e-10
"1961","Serial interval",45.9,5.89289624325395e-10
"1962","Serial interval",46,5.65025016892821e-10
"1963","Serial interval",46.1,5.41768733679442e-10
"1964","Serial interval",46.2,5.1947849714899e-10
"1965","Serial interval",46.3,4.98113805917228e-10
"1966","Serial interval",46.4,4.77635889987783e-10
"1967","Serial interval",46.5,4.58007608648746e-10
"1968","Serial interval",46.6,4.39193382492585e-10
"1969","Serial interval",46.7,4.21159151436419e-10
"1970","Serial interval",46.8,4.03872282859431e-10
"1971","Serial interval",46.9,3.87301523672662e-10
"1972","Serial interval",47,3.71416939900707e-10
"1973","Serial interval",47.1,3.56189859760117e-10
"1974","Serial interval",47.2,3.41592822147097e-10
"1975","Serial interval",47.3,3.27599515320437e-10
"1976","Serial interval",47.4,3.14184747827736e-10
"1977","Serial interval",47.5,3.01324380997908e-10
"1978","Serial interval",47.6,2.88995294405217e-10
"1979","Serial interval",47.7,2.77175341800535e-10
"1980","Serial interval",47.8,2.65843303824669e-10
"1981","Serial interval",47.9,2.54978857904244e-10
"1982","Serial interval",48,2.44562532954911e-10
"1983","Serial interval",48.1,2.34575679298305e-10
"1984","Serial interval",48.2,2.25000427229255e-10
"1985","Serial interval",48.3,2.15819657863516e-10
"1986","Serial interval",48.4,2.07016971987633e-10
"1987","Serial interval",48.5,1.98576654284796e-10
"1988","Serial interval",48.6,1.90483654204319e-10
"1989","Serial interval",48.7,1.82723548705973e-10
"1990","Serial interval",48.8,1.75282518504649e-10
"1991","Serial interval",48.9,1.68147325207307e-10
"1992","Serial interval",49,1.61305283754666e-10
"1993","Serial interval",49.1,1.54744238161631e-10
"1994","Serial interval",49.2,1.48452543663332e-10
"1995","Serial interval",49.3,1.42419040637177e-10
"1996","Serial interval",49.4,1.36633038532445e-10
"1997","Serial interval",49.5,1.31084289688147e-10
"1998","Serial interval",49.6,1.25762976622082e-10
"1999","Serial interval",49.7,1.20659692701557e-10
"2000","Serial interval",49.8,1.15765422887621e-10
"2001","Serial interval",49.9,1.11071526865323e-10
"2002","Serial interval",50,1.065697262609e-10
